Concepto,undefined 2003,undefined 2004,undefined 2005,undefined 2006,undefined 2007,undefined 2008,undefined 2009,undefined 2010,undefined 2011,undefined 2012,undefined 2013,undefined 2014,undefined 2015,undefined 2016,undefined 2017,undefined 2018 R,undefined 2019 R
Valores constantes,,,,,,,,,,,,,,,,,
Millones de pesos,,,,,,,,,,,,,,,,,
a  B.1bP - Producto interno bruto,13061718.521,13573815.057,13887072.52,14511307.247,14843825.975,15013577.681,14219998.379,14947794.696,15495333.601,16059723.651,16277187.078,16741050.002,17292358.146,17747239.234,18122261.317,18520043.997,18487337.7
"D.21-D.31 - Impuestos sobre los productos, netos",502613.351,523127.863,539350.648,579923.499,589361.736,610821.055,571451.401,595394.031,619537.009,628731.148,634567.233,673892.217,712944.627,764688.949,792451.962,818779.401,817493.833
a  B.1bV - Valor agregado bruto,,,,,,,,,,,,,,,,,
Estados Unidos Mexicanos,12559105.155999998,13050687.196999999,13347721.874000004,13931383.746000003,14254464.21,14402756.617,13648546.979,14352400.662999999,14875796.602999998,15430992.520999998,15642619.842000002,16067157.783000002,16579413.533999998,16982550.313000005,17329809.356000002,17701264.606999997,17669843.873000007
Aguascalientes,121197.63399999999,126554.147,129628.02800000002,138111.823,150305.117,150949.983,143253.947,152205.212,158934.494,167705.967,172820.491,190482.862,198220.641,211672.469,216705.56,224891.592,222651.573
Baja California,399514.62399999995,423005.49899999995,433008.16599999997,456019.296,461581.2740000001,457556.565,407745.948,428162.546,440700.662,456024.47200000007,465524.69499999995,478121.939,511459.52799999993,535552.6510000001,553327.213,566045.913,575784.0129999999
Baja California Sur,76047.59300000001,81546.00899999999,87397.67000000001,93655.622,106199.426,108975.35599999999,108338.81099999999,110656.4,114707.76200000002,117345.83299999998,115027.644,116027.01800000001,130520.64199999998,133948.675,148376.63,173200.594,159009.788
Campeche,1047511.322,1059561.025,1038533.775,1014280.3500000001,947575.4930000001,867231.044,780757.429,753968.591,726503.856,714787.0650000002,721085.0629999998,685981.2699999999,637604.643,600612.2719999999,537882.577,529465.6950000001,517433.151
Coahuila de Zaragoza,436573.518,449143.882,458867.90699999995,480488.194,500478.657,498326.775,421327.48899999994,489951.77599999995,523207.11199999996,549551.802,538206.987,559217.153,563928.44,572243.615,601722.0519999999,608138.802,604192.363
Colima,67732.93,67794.051,68258.171,72533.785,77526.37,78953.717,76446.9,81992.17799999999,87944.96900000001,90540.289,91422.446,93703.258,95878.066,98576.21100000001,102039.42900000002,105031.02999999997,109564.087
Chiapas,248123.22699999996,238375.89,240279.55899999998,248414.30200000003,252536.304,258289.89,256698.36200000002,270989.331,279446.584,284733.625,280925.273,294029.16500000004,287811.83099999995,287034.269,277580.835,267664.128,260612.446
Chihuahua,360426.663,376662.637,389210.79399999994,419631.539,434649.92,440792.887,401079.179,417796.42,427430.02700000006,459166.22,476290.197,485693.517,510642.91400000005,534205.546,551497.3030000001,564077.669,572787.223
Ciudad de México,2132929.372,2226949.736,2258091.583,2374722.886,2408565.8649999998,2450391.202,2362516.439,2446910.4390000002,2533806.8929999997,2633934.6419999995,2673066.3310000002,2748551.9879999994,2869792.9079999994,2957233.5940000005,3045539.859000001,3126459.566,3133609.299
Durango,152922.727,157662.281,155001.88600000003,160388.081,162709.802,165722.989,163083.647,169268.08399999997,176314.713,182943.05599999998,189052.81199999998,192968.62900000002,192888.101,200660.962,199559.31,202272.02899999998,204074.12300000002
Guanajuato,438354.387,450953.1550000001,454625.559,477646.929,488729.60399999993,503024.423,481674.90599999996,517168.681,548163.1699999999,570921.987,594575.5319999999,620084.8039999999,653849.9260000001,673328.2939999999,704179.453,713090.078,702632.8110000002
Guerrero,182713.98099999997,192557.837,195219.88900000002,199540.65000000002,204879.83,208284.821,201239.316,211890.53500000003,214478.174,218118.48099999997,218811.37799999997,227659.00499999998,229580.566,234185.03000000003,234094.18200000003,240685.982,240613.45199999993
Hidalgo,179553.37799999997,191549.57900000003,190073.77899999998,195404.535,201655.418,208800.33500000002,195581.12600000005,206303.584,214569.18800000002,222797.00499999998,230982.76700000005,243064.784,258695.052,268833.622,270118.073,276996.193,273154.93100000004
Jalisco,794957.3219999999,819238.3099999999,842128.813,886009.7259999999,913139.834,918573.456,870319.0999999999,925371.837,953148.0560000001,995285.9989999998,1018578.6070000002,1067256.7619999999,1104884.87,1149129.5480000002,1176616.034,1208076.0219999999,1217549.85
México,1048403.5900000001,1073840.8099999998,1099376.7940000002,1150701.9500000002,1184658.4279999998,1198144.3499999999,1138727.918,1226813.687,1283448.1970000002,1339994.611,1365154.2290000003,1402291.945,1445183.5050000001,1485467.443,1556925.971,1608137.236,1577636.5300000003
Michoacán de Ocampo,294468.30600000004,301021.642,306026.395,320451.426,328272.18999999994,334657.914,317003.042,329767.26,343275.664,352030.387,359465.98699999996,379655.442,386038.362,402111.981,414856.586,424359.973,424974.326
Morelos,158055.834,159734.875,171279.47100000002,168177.81,169325.362,169672.507,168348.348,174984.467,174678.088,175717.837,182126.14299999998,185662.448,187472.397,194412.07800000004,203238.504,201316.45400000003,201083.49999999997
Nayarit,76105.196,86879.42199999999,90269.847,92165.697,91675.276,98292.89000000001,93038.497,97786.13399999999,100704.16,100800.218,103627.459,108986.73199999999,114062.99899999998,119473.24300000002,121000.11400000002,120639.992,120945.60200000001
Nuevo León,803888.5280000002,849841.554,885438.787,946837.916,1004636.5210000002,1020366.7679999999,952725.7779999999,1025184.258,1069812.2680000002,1113817.766,1124999.8930000002,1161168.6690000002,1228082.513,1257648.4210000003,1306549.097,1353169.9910000002,1373592.856
Oaxaca,202963.936,210757.192,213677.21700000003,218023.575,219815.363,226633.78699999995,224510.70500000002,228089.144,234955.838,239680.17100000003,245515.97600000002,250239.106,260612.90700000006,256580.339,250518.62,260740.41700000002,252621.56999999995
Puebla,395907.258,405907.94299999997,428179.294,447201.40300000005,465818.72199999995,468969.4710000001,432578.67600000004,469967.8400000001,493353.22399999993,524226.05799999996,519256.5349999999,526200.669,540604.128,555309.088,589080.273,603843.688,596318.409
Querétaro,212106.713,227917.275,243311.19,258448.27100000004,271622.05100000004,278348.405,270311.398,287403.169,308865.22799999994,318294.372,319989.72800000006,342666.454,362418.9110000001,377947.864,395109.80799999996,406744.73,403161.492
Quintana Roo,144233.02000000002,156941.59900000002,163681.664,174364.522,192904.582,203018.581,185671.746,195148.828,206053.84900000002,215709.87099999996,225272.667,233252.369,244081.49599999998,261497.59800000006,272211.72599999997,286533.451,290271.733
San Luis Potosí,224280.26700000002,237464.46500000003,247240.38799999998,258649.446,264315.631,270024.005,255845.961,269397.22,283881.7459999999,297293.96199999994,307896.47,316716.343,329359.358,342065.043,354677.904,369840.93999999994,368700.80299999996
Sinaloa,268247.066,284658.629,285708.482,294951.69499999995,305622.537,316380.798,303066.17499999993,312655.113,318762.63800000004,330191.387,334097.30700000003,340077.85699999996,358848.31399999995,376438.398,380987.655,390894.97000000003,399005.392
Sonora,365533.727,384484.325,404881.254,429625.189,435397.343,436717.189,410374.27099999995,431501.919,471510.171,495926.03099999996,510315.674,522896.949,549606.8230000001,578945.379,575986.463,581413.804,580480.5819999999
Tabasco,374891.404,391243.029,421079.732,445309.61600000004,454079.113,475202.82700000005,495944.159,525011.917,549751.1309999999,564003.811,553628.2049999998,564794.2379999999,562212.3049999999,534685.495,509388.36100000003,467226.44600000005,448090.72
Tamaulipas,391574.439,410112.74600000004,436490.981,449609.24,464007.812,483350.662,439739.32300000003,448215.116,456768.5349999999,466371.322,473241.40099999995,477891.309,492586.952,500458.04800000007,498369.426,508491.92799999996,517770.157
Tlaxcala,83254.186,89789.73,79279.27900000001,77889.93400000001,79019.573,83246.79000000001,81739.53,88809.88600000003,86031.739,89918.601,87657.644,90362.51800000001,96458.62,96859.66700000002,95585.22700000001,98881.59900000002,103823.011
Veracruz de Ignacio de la Llave,613590.201,643859.491,648906.398,684557.3679999999,705608.578,704314.0299999999,688981.395,718148.55,746817.7309999999,779730.4340000001,781357.2760000001,780785.3559999999,785745.9309999999,784930.108,776072.856,794018.6469999999,801505.7019999999
Yucatán,161636.49699999997,169013.74699999997,176907.681,185462.602,191217.07499999998,193158.623,189365.45799999998,196149.981,202893.85,214700.599,215788.237,223858.76799999998,230374.52599999995,242505.30599999998,252391.12399999998,261283.809,264440.67
Zacatecas,101406.31,105664.685,105661.44099999999,112108.36799999999,115935.139,126383.57700000002,130512.,144730.56,144876.886,148728.64,146858.788,156808.457,159905.359,157998.05599999998,157621.131,157631.239,151751.70800000004
Participación porcentual,,,,,,,,,,,,,,,,,
a  B.1bP - Producto interno bruto,,,,,,,,,,,,,,,,,
"D.21-D.31 - Impuestos sobre los productos, netos",,,,,,,,,,,,,,,,,
a  B.1bV - Valor agregado bruto,,,,,,,,,,,,,,,,,
Estados Unidos Mexicanos,100.,100.,100.,100.,100.,100.,100.,100.,100.,100.,100.,100.,100.,100.,100.,100.,100.
Aguascalientes,0.965018068521,0.969712514672,0.971162189501,0.991371894695,1.054442417377,1.048063138287,1.049591192531,1.060486085735,1.068409969843,1.086812573927,1.104805286746,1.185541740317,1.1955829474519999,1.246411552439,1.250478614902,1.270483194241,1.260065310142
Baja California,3.181075554648,3.241250767984,3.244060447824,3.273323772529,3.238152393523,3.176867992478,2.987467813441,2.983212049701,2.962534872997,2.95525042462,2.976002100045,2.975771729247,3.084907237226,3.153546676615,3.192921524024,3.197771038212,3.258568763473
Baja California Sur,0.60551760699,0.624840728837,0.654775929743,0.672263600713,0.745025729732,0.756628462855,0.79377541922,0.770995756029,0.771103323481,0.760455510819,0.73534769215,0.722137789191,0.787245228743,0.788742989311,0.856193088752,0.978464521295,0.899893565234
Campeche,8.340652530484,8.118814044088,7.780606944043,7.280542755067,6.647570045707,6.021285140487,5.720443576897,5.253257686317,4.883797993403,4.632152235362,4.609746131296,4.26946246041,3.845761140419,3.536643560186,3.103799735764,2.991117904597,2.928340254272
Coahuila de Zaragoza,3.476151466026,3.441534343902,3.437799433728,3.448962448816,3.511030997916,3.459940261796,3.086976874888,3.413726995952,3.517170380607,3.561350971119,3.440644805258,3.480498296915,3.401377490486,3.369597642599,3.472179293142,3.435566980675,3.419341830876
Colima,0.539313344053,0.519467289168,0.511384426828,0.52065025501,0.543874317953,0.548184761428,0.560110172296,0.571278491489,0.591195022001,0.58674313319,0.58444459383,0.583197471921,0.578295883647,0.580455874902,0.588808722034,0.593353256572,0.620062564149
Chiapas,1.975644155519,1.82653898911,1.800154073243,1.783127265239,1.77162957709,1.793336490149,1.880774286046,1.888111524775,1.878531896192,1.845206162938,1.795896568717,1.830001105181,1.735959057959,1.690171756949,1.601753540952,1.51211867594,1.474899539991
Chihuahua,2.869843500178,2.886151750588,2.915934252107,3.012131075066,3.049219624089,3.060475843074,2.938621815327,2.910986320756,2.873325297509,2.975610411159,3.044823704794,3.022896292921,3.079981767466,3.14561438744,3.18236220417,3.186651810046,3.241608851311
Ciudad de México,16.983131724007,17.063850373426,16.917430587152,17.045850787664,16.896923163975,17.013348674571,17.309655325472,17.048788536876,17.033083744161,17.069120073874,17.0883544956,17.106647143953,17.309375281067,17.413365716551,17.573995168883,17.662351450097,17.734221770846
Durango,1.217624385659,1.208076468466,1.161260981186,1.151271718045,1.141465575997,1.150633822448,1.194879185681,1.179371228371,1.185245521335,1.185555989033,1.208575123026,1.201012846243,1.163419324842,1.181571426562,1.151537826531,1.142698182818,1.154928840723
Guanajuato,3.490331369593,3.45539777479,3.406016122388,3.42856774107,3.428607324694,3.492556573554,3.529129560393,3.603360114752,3.684933214867,3.699839697434,3.800997134787,3.859331017811,3.943745806564,3.964824373195,4.063399882447,4.028469681867,3.976451722212
Guerrero,1.45483279844,1.475461284861,1.462570847991,1.432310340725,1.43730291775,1.446145529906,1.474437654863,1.476342111506,1.441792864772,1.413509083769,1.398815417175,1.416921449797,1.384732732127,1.378974451327,1.350817987614,1.359710661038,1.361718041933
Hidalgo,1.429666968862,1.467735576744,1.424016628412,1.402621150653,1.414682551579,1.449724803053,1.432981300507,1.437415167289,1.44240469083,1.443828092696,1.476624563744,1.512805110168,1.560338979841,1.582999119951,1.558690389785,1.564838440359,1.545881972491
Jalisco,6.329729006371,6.277357641277,6.309157629665,6.359811359402,6.405991979407,6.377761427391,6.376642886156,6.447505603614,6.407374888467,6.449915633395,6.511560194445,6.642473898708,6.66419754676,6.766531097042,6.789549785743,6.824800650244,6.89055239396
México,8.347757081237,8.228231922123,8.236437681111,8.259782165073,8.310788890746,8.318854382263,8.343217191926,8.547794308465,8.627761129385,8.683787573459,8.727145726156,8.727691381009,8.716734774944,8.74702218231,8.984091740519,9.084872023008,8.928412391977
Michoacán de Ocampo,2.344659928732,2.306557788537,2.292723791287,2.300212468787,2.302943030084,2.323568486917,2.322613846644,2.297645305082,2.307611976429,2.281320443393,2.297990941612,2.362928447754,2.328419887762,2.367795022472,2.393890073905,2.397342689472,2.405082518298
Morelos,1.258495983884,1.223957578546,1.283211267187,1.207186687742,1.187876019088,1.178055781348,1.233452529848,1.219199986878,1.174243589515,1.13873321344,1.164294375492,1.155540080626,1.130754092209,1.144775516144,1.172768262045,1.137299839698,1.138003829832
Nayarit,0.605976262279,0.66570764197,0.676294036182,0.661568862651,0.643133790575,0.682458869603,0.681673273669,0.681322492983,0.676966502619,0.653232239357,0.662468691605,0.678319921121,0.687979697027,0.703505897513,0.698219533258,0.681533182394,0.68447464997
Nuevo León,6.400842400909,6.511852909902,6.633632280912,6.796438410304,7.047872906336,7.084524130579,6.980419083921,7.142946201627,7.191630112664,7.218056547459,7.191889238268,7.226969976162,7.407273547291,7.405533314023,7.53931604301,7.644482024549,7.773655873094
Oaxaca,1.616070042244,1.614912600529,1.600851583642,1.564981476177,1.542080851035,1.573544516697,1.6449421711,1.589205522864,1.579450460842,1.553238851447,1.569532332051,1.557457201701,1.571906668867,1.510846923878,1.445593629184,1.473004459223,1.429676299438
Puebla,3.152352441375,3.110241911961,3.207882948431,3.210028602711,3.267879557853,3.256109114879,3.169411928358,3.274489411458,3.316482721339,3.397228384931,3.31949852547,3.275007789845,3.260695119833,3.269880422936,3.399231121928,3.411302533499,3.374780293963
Querétaro,1.688868039286,1.746400565423,1.822866795524,1.855151474628,1.905522698001,1.932605072778,1.980514104658,2.002474538917,2.076293702064,2.062695394135,2.045627466704,2.132713567813,2.185957363671,2.225507106024,2.279943188545,2.297828652531,2.281635847479
Quintana Roo,1.148433890858,1.202554291824,1.226289141661,1.25159514072,1.353292408316,1.409581418326,1.360377381458,1.359694678139,1.385161779897,1.397900172049,1.440121087614,1.451733854551,1.47219619982,1.53980169751,1.570771613282,1.618717404443,1.642752109675
San Luis Potosí,1.785798145761,1.819555257248,1.852304013628,1.856595516395,1.8542656329,1.874807803676,1.874528925267,1.877018530388,1.908346514652,1.9266029816,1.968317795292,1.971203291071,1.986556142801,2.014214806937,2.046634770839,2.089347559122,2.086610417443
Sinaloa,2.1358772195,2.181177318122,2.140503710648,2.117174434196,2.14404787509,2.196668362962,2.22050138719,2.17841684009,2.142827349063,2.139793578091,2.13581427136,2.116602460703,2.164421034943,2.216618770809,2.198452661385,2.208288383223,2.258114983176
Sonora,2.910507734903,2.946084901095,3.033336009111,3.083865873147,3.054463055122,3.032177801884,3.006724976889,3.006479049267,3.169646531097,3.2138310632,3.262341469361,3.254445845757,3.314995562858,3.409060290296,3.323674549256,3.284589078286,3.285148336183
Tabasco,2.985016841115,2.997873009246,3.154693632179,3.196449283998,3.185522137559,3.299388024367,3.633677341354,3.658007669431,3.695608011265,3.655006703117,3.539229429546,3.51520938319,3.391026491058,3.14844051774,2.939376599799,2.63950885077,2.535906503875
Tamaulipas,3.117853016884,3.142460927991,3.270153402359,3.227312147863,3.255175397434,3.355959382314,3.221876465507,3.122927839908,3.070548402819,3.022302819247,3.025333389036,2.974336316692,2.971075852531,2.946895718112,2.875792893979,2.872630511376,2.930247492402
Tlaxcala,0.662899027963,0.688007678405,0.59395363305,0.559096895327,0.554349653806,0.577992062309,0.598888146304,0.618780704952,0.578333660348,0.582714306145,0.56037700133,0.562405119937,0.581797539474,0.570348182192,0.551565369453,0.558613190613,0.587571750754
Veracruz de Ignacio de la Llave,4.885620379624,4.933529409455,4.861551687438,4.913778706272,4.95008839059,4.890133526027,5.048020101041,5.003682428204,5.020354545916,5.053015435908,4.995053794647,4.859511349457,4.739286642369,4.621980171018,4.478253857601,4.485660570748,4.536008963977
Yucatán,1.287006478505,1.295056302007,1.325377339069,1.331257579156,1.341453962653,1.341122592963,1.387440423448,1.366670187139,1.363919226746,1.391359620632,1.379489108472,1.393269245397,1.389521562554,1.42796754039,1.456398733623,1.476074251196,1.496564836116
Zacatecas,0.807432605591,0.809648437703,0.791606552769,0.80471811016,0.813325126024,0.877495748632,0.956233657699,1.008406631046,0.973910102877,0.963830679054,0.938837544371,0.975956414431,0.964481395389,0.930355294629,0.909537593646,0.890508347848,0.858817480736
Índice de volumen físico base 2013=100,,,,,,,,,,,,,,,,,
a  B.1bP - Producto interno bruto,80.245551386787,83.391651100123,85.316169516596,89.151197792727,91.194049093794,92.236930183669,87.361522054505,91.832787964962,95.196630270001,98.663998724362,100.,102.849773254907,106.236772134739,109.031364872539,111.335338410491,113.779143215915,113.578209867645
"D.21-D.31 - Impuestos sobre los productos, netos",79.205689304793,82.438524366732,84.995035979111,91.388818842463,92.87616904102,96.257894078814,90.053720280889,93.826784623782,97.631421350116,99.080304702717,100.,106.197134354714,112.351314395712,120.505583842524,124.880693611232,129.029574554159,128.826984831094
a  B.1bV - Valor agregado bruto,,,,,,,,,,,,,,,,,
Estados Unidos Mexicanos,80.287734937335,83.430316205469,85.32919682777,89.060425214673,91.125811110791,92.073813481863,87.252308864235,91.751898390219,95.097859266891,98.64711075806,100.,102.713982346232,105.988726322459,108.565895511967,110.785850011326,113.160485812438,112.959619625588
Aguascalientes,70.129203602367,73.228669972937,75.007325375554,79.91634684107,86.971814586501,87.344956681092,82.891760213782,88.071276223836,91.965074905383,97.040556955714,100.,110.220067596035,114.697418027819,122.48111770496,125.393440758133,130.130166103972,128.834012513018
Baja California,85.820285860453,90.866393027764,93.015079683367,97.958132167403,99.152908311341,98.288355035601,87.58846788998,91.974185386664,94.667515329128,97.959244031082,100.,102.706031309467,109.867324653958,115.042801542462,118.860979652218,121.593101092091,123.684955746547
Baja California Sur,66.112449456063,70.892531711768,75.979709712215,81.420099328471,92.325133600059,94.738405665337,94.185021298011,96.199831755226,99.72190858747,102.015332070959,100.,100.868812022265,113.468934476307,116.449116353283,128.992149052449,150.573017039278,138.236151302899
Campeche,145.268758950842,146.939810483912,144.02375368577,140.660291281058,131.409668792432,120.267509132969,108.275357383183,104.560284172743,100.751477638083,99.126594305837,100.,95.131809712719,88.422944215113,83.292846131248,74.593498686853,73.426246384471,71.7575744597
Coahuila de Zaragoza,81.116285842644,83.451886142088,85.258630616774,89.275725809186,92.989996244698,92.590172003843,78.28354130973,91.034079421938,97.212991402507,102.107890695221,100.,103.903733416229,104.779100535906,106.324077691693,111.801233825305,112.993479588551,112.260222849913
Colima,74.087855842317,74.154711415181,74.662376677168,79.339142818384,84.800148532451,86.361413913603,83.61939911343,89.684953299106,96.196254692201,99.035076134366,100.,102.494805269157,104.87366089505,107.824954716263,111.613103197873,114.885386024347,119.843749312942
Chiapas,88.323568880184,84.853842964851,85.531485449513,88.427181843479,89.894476671026,91.942560824707,91.376030094665,96.463137013664,99.473636179398,101.355645919404,100.,104.664547215729,102.45138428681,102.174598224917,98.80949194628,95.279475976517,92.769313069245
Chihuahua,75.673752109578,79.082592791638,81.717154048417,88.104172969153,91.25737265594,92.547125633997,84.208993073187,87.718878665059,89.74151256781,96.404717731362,100.,101.974283757933,107.21256016109,112.159676887072,115.790185578814,118.431509309439,120.260132710647
Ciudad de México,79.793357436142,83.31067995484,84.47570330794,88.838906033118,90.104979329075,91.669674395371,88.382260163225,91.539458285145,94.790273762196,98.536074898472,100.,102.823935048846,107.359584560941,110.630759876942,113.934316693917,116.961540749735,117.229013835497
Durango,80.888893099353,83.395893101024,81.988669917272,84.837712437729,86.065793086431,87.6596265598,86.263539417758,89.534814219003,93.262147827772,96.768227917181,100.,102.071282071171,102.028686566164,106.140162570023,105.557440743066,106.99234084918,107.945563380459
Guanajuato,73.725601443014,75.844553085309,76.462204468919,80.334104464965,82.198068655136,84.602274383535,81.011558679478,86.981157677373,92.194034314887,96.021776254325,100.,104.29033329276,109.969194965123,113.245207338939,118.43397770361,119.932630863794,118.1738523004
Guerrero,83.50296162387,88.001747788454,89.218344486638,91.192995457485,93.63307880635,95.189209493484,91.969310663543,96.837073527319,98.019662396167,99.683335936946,100.,104.043494941109,104.921676422147,107.025983813328,106.984464948619,109.997013957839,109.963866687042
Hidalgo,77.734534195791,82.92808224953,82.289160125959,84.597018876304,87.303230721104,90.396499146623,84.673470900104,89.315573918984,92.894024427372,96.456115706675,100.,105.230700608933,111.997555211554,116.386874004328,116.942954882864,119.920718154701,118.257710108737
Jalisco,78.045750866629,80.429561780498,82.676860402587,86.984914066627,89.648440260242,90.181891676034,85.444470757474,90.849329707157,93.576288511231,97.713224306899,100.,104.779027820285,108.473205936869,112.816972603078,115.515486572555,118.60410317846,119.534205964332
México,76.797446598248,78.660768665428,80.531325373054,84.290985264201,86.778358286139,87.766226302332,83.413865906868,89.866306746796,94.014886357577,98.157012778078,100.,102.72040442106,105.862288252854,108.813159088122,114.047624651207,117.798941821979,115.564710307908
Michoacán de Ocampo,81.918266720462,83.741342125924,85.13361654993,89.14652222715,91.322183981763,93.098631331704,88.187214775344,91.738098158366,95.496006969917,97.931487186853,100.,105.616513308671,107.392180612626,111.863707705953,115.409134939935,118.052886322177,118.223793451701
Morelos,86.783715614073,87.705626643617,94.044417884587,92.341388902086,92.971475270302,93.162082172904,92.435026200495,96.078720011108,95.910496495827,96.481391471624,100.,101.94167896039,102.935467644533,106.745838240257,111.592163899282,110.536823919892,110.408915868822
Nayarit,73.441148450818,83.838224770136,87.109968603978,88.939454744326,88.466200835823,94.852166547865,89.781702550479,94.363149442852,97.179030511594,97.271726020031,100.,105.171672693432,110.070245956721,115.291105420234,116.764528598545,116.417012598948,116.711924780477
Nuevo León,71.456764840777,75.541478651501,78.70567744134,84.163378315984,89.301032582409,90.699276893176,84.686743876873,91.127498267238,95.094432866759,99.006033061018,100.,103.215002616894,109.162900427049,111.79098138812,116.137708557098,120.281788417912,122.097154368352
Oaxaca,82.668321347854,85.842557145854,87.031899300924,88.802194688952,89.531999742453,92.30918113451,91.444438222627,92.901956001429,95.698798028524,97.62304470158,100.,101.923756684575,106.149062576685,104.506575572092,102.03760426572,106.200998097167,102.894147303881
Puebla,76.245021740555,78.170984020452,82.460068413005,86.123403916332,89.708783732496,90.315564540753,83.307314755317,90.507833473872,95.011461723828,100.957045827069,100.,101.33732240847,104.111184272337,106.943110114156,113.44686745252,116.290050735712,114.840809658756
Querétaro,66.285475576266,71.226434806057,76.037187668724,80.767677329942,84.884615733665,86.98666883457,84.475023523255,89.816373418087,96.523482153777,99.470184242914,100.,107.08670435821,113.259545318905,118.112498911215,123.475778572492,127.11180841405,125.99201059354
Quintana Roo,64.025974354004,69.667395112786,72.659353742192,77.401543792261,85.631596841707,90.121266687006,82.420893964912,86.627832217213,91.468641865904,95.755012746398,100.,103.542241544998,108.349361354167,116.080482147441,120.836553153606,127.194059898976,128.853507558465
San Luis Potosí,72.842753604808,77.124776714718,80.299844944634,84.00533010333,85.845619145942,87.69961052168,83.094801639006,87.496040471006,92.200389955754,96.556469777,100.,102.864558011984,106.970813273696,111.097422779806,115.193884489809,120.118603503314,119.748304681765
Sinaloa,80.290101230897,85.202311732492,85.5165474291,88.283170447704,91.477102807057,94.697200896624,90.711947881699,93.582051231559,95.410118944778,98.830903476872,100.,101.790062318581,107.408322809378,112.673281140814,114.034937432166,117.00033547412,119.427898291919
Sonora,71.628943734932,75.34244872126,79.339372593913,84.18812333011,85.319218119881,85.577851367348,80.415768495482,84.555881973557,92.395784613898,97.180246711372,100.,102.465390667189,107.699381187339,113.448480714312,112.868659997302,113.932186217741,113.749314703589
Tabasco,67.715372991158,70.668912000248,76.058215278248,80.43477770429,82.018782442632,85.834287832211,89.580724847644,94.831136177392,99.299697167705,101.874110803296,100.,102.016882972933,101.550517101996,96.578442025005,92.009105822201,84.393540968528,80.937119162851
Tamaulipas,82.743064781012,86.660369344989,92.234318484743,95.006320040879,98.048862804377,102.136174260882,92.920721236729,94.71172958513,96.519140978538,98.5482929039,100.,100.982565766684,104.08788220116,105.751112844838,105.309768956584,107.448741155257,109.409311168868
Tlaxcala,94.976527089868,102.432287593766,90.441945941417,88.856978633831,90.145672863396,94.968089719591,93.248604765148,101.31447977315,98.145164613368,102.579303865388,100.,103.085725187868,110.040169457441,110.497684605806,109.043801131593,112.804308315656,118.441480129217
Veracruz de Ignacio de la Llave,78.528762686021,82.402699863001,83.048615266238,87.61131290726,90.30549783989,90.139818445871,88.177510616795,91.91039388235,95.579545227144,99.791792813612,100.,99.926804290743,100.561670715152,100.45725970817,99.323687106742,101.620432981032,102.578644445873
Yucatán,74.905147401524,78.323892604026,81.982078105583,85.946576411392,88.613298694312,89.513045606837,87.755227362092,90.899292624556,94.024518120513,99.495969745561,100.,103.740023604716,106.759538519238,112.381151712176,116.962410698967,121.083434682308,122.546378651771
Zacatecas,69.050215775988,71.949854985866,71.947646061195,76.337527720847,78.943276448666,86.05789188455,88.869043369744,98.550833743773,98.650470954452,101.273231262129,100.,106.774990543978,108.883752329483,107.585019699332,107.328361582284,107.335244384558,103.331717540798
Variación porcentual anual,,,,,,,,,,,,,,,,,
a  B.1bP - Producto interno bruto,NA,3.920590810289,2.307807065916,4.495077894214,2.291445714298,1.143584587194,-5.285744136818,5.118118143211,3.663007929502,3.642322679413,1.354091961517,2.849773254907,3.293151528334,2.63053242455,2.113129135497,2.194994725227,-0.176599456272
"D.21-D.31 - Impuestos sobre los productos, netos",NA,4.081569253818,3.101112777087,7.522536804295,1.627496905416,3.641111678821,-6.445366229231,4.189792860444,4.054958018214,1.484033861809,0.928232205222,6.197134354714,5.795052831126,7.257831820367,3.630628249082,3.322275704076,-0.157010300751
a  B.1bV - Valor agregado bruto,,,,,,,,,,,,,,,,,
Estados Unidos Mexicanos,NA,3.914148618823,2.276007941315,4.372745233304,2.319083803092,1.040322560114,-5.236564485925,5.15698619848,3.646748389272,3.732209661217,1.371443351502,2.713982346232,3.188216347399,2.431550296837,2.044799141471,2.143446839889,-0.177505588994
Aguascalientes,NA,4.419651459532,2.428905786865,6.544722719997,8.828566400141,0.429037954842,-5.098401369147,6.248529403521,4.421190254642,5.518923412559,3.04969709277,10.220067596035,4.062191694705,6.786290233014,2.377773086778,3.777490526778,-0.996043907235
Baja California,NA,5.879853599551,2.36466594965,5.314248507729,1.219680405805,-0.871939401944,-10.886220592201,5.007185994157,2.928354223678,3.477147034555,2.083270434662,2.706031309467,6.972612273288,4.710660703539,3.318919618232,2.29858566526,1.720372813645
Baja California Sur,NA,7.230230153372,7.175901152931,7.160319033677,13.393540859726,2.61388418427,-0.584118302857,2.139204758302,3.661208931431,2.299819082862,-1.975518806876,0.868812022265,12.491593983739,2.626429771929,10.771256229299,16.730373240044,-8.193277905271
Campeche,NA,1.150317208696,-1.98452467615,-2.335352550282,-6.576569978902,-8.478949655571,-9.971231495721,-3.43113456305,-3.642689540101,-1.612763773136,0.88110128294,-4.868190287281,-7.052178990251,-5.801772525675,-10.444291254842,-1.564817742739,-2.272582362489
Coahuila de Zaragoza,NA,2.879323523238,2.165013348662,4.711658119948,4.160448321026,-0.429964788689,-15.451565089996,16.287635815759,6.787471263295,5.035231631179,-2.064375907551,3.903733416229,0.842478985977,1.474508893362,5.151378928011,1.066397679572,-0.648937214172
Colima,NA,0.090238234194,0.684602842218,6.263885974911,6.883116605593,1.841111611443,-3.175046210934,7.253764377627,7.260193771166,2.951072732767,0.974325363596,2.494805269157,2.320952383534,2.814142079169,3.51323911202,2.931808840287,4.315921685239
Chiapas,NA,-3.928425854304,0.798599640258,3.385532682786,1.659325556868,2.278320347952,-0.616178976266,5.567222513091,3.120880430529,1.89196837704,-1.337513965904,4.664547215729,-2.114529692998,-0.270163320701,-3.293486186488,-3.572547434696,-2.634526356852
Chihuahua,NA,4.504653974503,3.331404755178,7.816007538578,3.578944765637,1.413313730738,-9.009607271635,4.168065029375,2.305813678346,7.424886179088,3.729363410053,1.974283757933,5.136860206434,4.614307053715,3.236910797628,2.281129197109,1.544034532592
Ciudad de México,NA,4.408039255038,1.398408167754,5.165038649365,1.425133820857,1.73652452722,-3.586152404084,3.572207947714,3.551272356151,3.951672452886,1.485674259946,2.823935048846,4.411083382425,3.046933656998,2.986110572367,2.656990574623,0.228684646293
Durango,NA,3.099313027552,-1.687401059483,3.474922234172,1.447564548141,1.851877983357,-1.592622735039,3.792187085442,4.162999210175,3.759381668846,3.339703694466,2.071282071171,-0.04173113548,4.029725503908,-0.549011620905,1.359354770268,0.890925952001
Guanajuato,NA,2.87410560351,0.814364853486,5.063809005951,2.320265101087,2.924893209457,-4.244230702095,7.368823776757,5.993110205373,4.151832564745,4.143043277119,4.29033329276,5.445242615556,2.979027331113,4.581889588617,1.265391224075,-1.466472094147
Guerrero,NA,5.387576772245,1.382468790402,2.213279098832,2.675735495499,1.661945443824,-3.382630076533,5.292812165989,1.221215001416,1.69728552426,0.317670009814,4.043494941109,0.844052270192,2.005598331001,-0.038793256768,2.815875193344,-0.030134700574
Hidalgo,NA,6.681133562411,-0.77045327257,2.804572007798,3.198944691842,3.543131680202,-6.331028635563,5.482358251685,4.006524675791,3.834575260638,3.674089784107,5.230700608933,6.430494678324,3.919120184796,0.477786591738,2.546338319243,-1.386756243253
Jalisco,NA,3.054376295184,2.79412018708,5.210712698889,3.062055325565,0.595048184044,-5.25318423745,6.32558069793,3.001627874266,4.42092314355,2.340292943275,4.779027820285,3.525684665561,4.004460482838,2.391939711918,2.673768424951,0.784207932901
México,NA,2.426281275897,2.378004613179,4.668568254317,2.950935991722,1.138380623583,-4.959037865512,7.735453536145,4.616390459296,4.405819738745,1.877590983834,2.72040442106,3.058675488577,2.787461790189,4.810507853049,3.289254977686,-1.896648203723
Michoacán de Ocampo,NA,2.225480931723,1.662589097166,4.713655826975,2.440545856707,1.945252809871,-5.275498131504,4.026528552997,4.096344797844,2.550347699567,2.112204024024,5.616513308671,1.681240223075,4.163736193658,3.169416879424,2.290764404064,0.144771665351
Morelos,NA,1.062308778808,7.227348442224,-1.810877265029,0.682344478145,0.205016540878,-0.780420483797,3.941897309262,-0.175089255208,0.595237222885,3.646929708109,1.94167896039,0.974860032008,3.701708150666,4.540060520315,-0.945711546863,-0.115715330452
Nayarit,NA,14.157017610204,3.90244884456,2.10020296146,-0.532107949013,7.218537307704,-5.345649110532,5.10287370614,2.984089748348,0.095386327636,2.804796513436,5.171672693432,4.657692644642,4.743206865883,1.278002472906,-0.297621207201,0.253323955791
Nuevo León,NA,5.716343049991,4.188690566194,6.934316623743,6.10438217812,1.565764997708,-6.629085944516,7.605386741199,4.353169652356,4.113385059817,1.003945828604,3.215002616894,5.762629132736,2.407485465108,3.888262823176,3.568246620585,1.509260856791
Oaxaca,NA,3.839724511453,1.38549245807,2.034076473394,0.821832226171,3.101886923162,-0.936789711765,1.593883463151,3.010530829999,2.01073233175,2.434830122013,1.923756684575,4.145555491235,-1.547340093942,-2.362503309343,4.080254393865,-3.113766209862
Puebla,NA,2.526017090599,5.486798517761,4.442556953723,4.163072583205,0.676389516178,-7.759736454145,8.64332110536,4.975954099328,6.257754585992,-0.947973288272,1.33732240847,2.737255926978,2.720097616421,6.081511311408,2.506180511667,-1.246229636833
Querétaro,NA,7.454060164517,6.754167712825,6.221284356054,5.097259869075,2.476365219701,-2.887391073788,6.322993083703,7.467579106617,3.052834422656,0.532637755845,7.08670435821,5.764339277868,4.28480758831,4.54082312263,2.944731253039,-0.880954991107
Quintana Roo,NA,8.811143939162,4.294632553094,6.526606425506,10.632931394153,5.243006099254,-8.544456824866,5.104213324951,5.588053544446,4.68616434338,4.433174965831,3.542241544998,4.642665387034,7.135363509899,4.097218514413,5.261244697445,1.304658142689
San Luis Potosí,NA,5.878447612155,4.116794064326,4.614560789315,2.190681282186,2.159680824931,-5.250660584788,5.296647618368,5.376642713686,4.724578522213,3.56633815523,2.864558011984,3.991904832016,3.85769667428,3.687269792137,4.2751566503,-0.308277661202
Sinaloa,NA,6.118077354852,0.368811233191,3.235190266419,3.617826980109,3.520113767003,-4.208416909044,3.16397499655,1.953438388197,3.585347728236,1.182926070692,1.790062318581,5.519458739708,4.901815980108,1.208499723772,2.600429402364,2.074834066041
Sonora,NA,5.184363739985,5.305009248425,6.111405444324,1.34353249013,0.303135979403,-6.032031406944,5.148385143279,9.271859576597,5.178225519126,2.901570415851,2.465390667189,5.108056960569,5.338098941323,-0.511087247144,0.942268846343,-0.160509088979
Tabasco,NA,4.361696434096,7.626130253684,5.754227087805,1.969303308285,4.651989795444,4.364732451391,5.861094938311,4.712124277362,2.59256947304,-1.839634023324,2.016882972933,-0.457145775627,-4.896159289861,-4.731217554349,-8.27696866046,-4.095599931002
Tamaulipas,NA,4.734299574647,6.431947130948,3.005390619972,3.202463543677,4.168647488202,-9.022712169162,1.927458509322,1.908328990849,2.102331107374,1.473092078333,0.982565766684,3.075101539459,1.597909966564,-0.417342074595,2.031124196612,1.824656103489
Tlaxcala,NA,7.850108581927,-11.705627135754,-1.752469267537,1.450301652587,5.349582185162,-1.810592336352,8.649861333922,-3.128195660559,4.517939594363,-2.514448595569,3.085725187868,6.746272829627,0.415771032179,-1.315759221019,3.448620779025,4.997301874133
Veracruz de Ignacio de la Llave,NA,4.933144295765,0.783852233374,5.494008089593,3.075156441819,-0.18346545668,-2.176960041532,4.233373384487,3.992096203494,4.407059665808,0.208641593179,-0.073195709257,0.635331459777,-0.103827836431,-1.128412824241,2.312384831044,0.942931885578
Yucatán,NA,4.564099158868,4.670586943439,4.835810944806,3.102767316938,1.015363298492,-1.963756492507,3.582766926796,3.438118609861,5.819175396395,0.506583588992,3.740023604716,2.910655704135,5.265677681742,4.076536783076,3.523374696805,1.208211489294
Zacatecas,NA,4.199319549247,-0.003070089122,6.101494489366,3.413457057907,9.012313341859,3.266581859762,10.894446487679,0.101102351846,2.658639418851,-1.25722389447,6.774990543978,1.974958531733,-1.192769905854,-0.238563061814,0.00641284575,-3.729927543106
Contribución a la variación nacional,,,,,,,,,,,,,,,,,
a  B.1bP - Producto interno bruto,,,,,,,,,,,,,,,,,
"D.21-D.31 - Impuestos sobre los productos, netos",,,,,,,,,,,,,,,,,
a  B.1bV - Valor agregado bruto,,,,,,,,,,,,,,,,,
Estados Unidos Mexicanos,NA,3.914148618823,2.276007941315,4.372745233304,2.319083803092,1.040322560114,-5.236564485925,5.15698619848,3.646748389272,3.732209661217,1.371443351502,2.713982346232,3.188216347399,2.431550296837,2.044799141471,2.143446839889,-0.177505588994
Aguascalientes,NA,0.04265043515,0.023553403385,0.063559872464,0.087523925996,0.004523958183,-0.053434465392,0.065584014282,0.046886107474,0.058964727968,0.033144491471,0.11291184711,0.048158978112,0.08113572879,0.029636838444,0.047236711217,-0.012654570449
Baja California,NA,0.187042585504,0.076644753253,0.172397433938,0.039924088672,-0.028234726614,-0.345840857584,0.149588069935,0.087359016059,0.103011693484,0.061565858366,0.080531548598,0.207489024819,0.145319512965,0.10466367932,0.073392036454,0.055013583584
Baja California Sur,NA,0.043780316605,0.044837953065,0.046884045525,0.090039900047,0.019474109718,-0.004419605336,0.016980481538,0.028227765481,0.017733981382,-0.015022941634,0.006388789155,0.090206520629,0.020676443066,0.084957528369,0.143244299404,-0.080168317434
Campeche,NA,0.095943961376,-0.161119868116,-0.181704602695,-0.478809989131,-0.563644117494,-0.600396280375,-0.196276116727,-0.191359868254,-0.078764124791,0.040813952773,-0.224411213432,-0.30109013463,-0.223122313248,-0.369377354071,-0.048568808964,-0.067975617941
Coahuila de Zaragoza,NA,0.100089646865,0.074509677944,0.161977356167,0.143492300295,-0.015096197011,-0.534614921626,0.502795551098,0.231705738858,0.177097675527,-0.073519671431,0.134313600997,0.029322466759,0.050153613594,0.17358074292,0.037027239413,-0.022294672655
Colima,NA,0.000486666838,0.003556287826,0.03203253739,0.03583696416,0.010013333219,-0.017405119497,0.040629072153,0.041475925455,0.017446595092,0.005716787166,0.014580754522,0.013535735625,0.016274067804,0.020392802825,0.017262746165,0.02560866187
Chiapas,NA,-0.077611715794,0.014586733796,0.06094480449,0.029587886424,0.040363397145,-0.011050162426,0.104706889473,0.058925703083,0.035541229429,-0.024679890129,0.083770443393,-0.038695916751,-0.004689924637,-0.055665573343,-0.057223405037,-0.039837165065
Chihuahua,NA,0.129276519293,0.096149396661,0.227909640965,0.107802507445,0.043095039628,-0.275736854104,0.12248366823,0.067121920759,0.213341132895,0.110971325899,0.060113459861,0.155281956753,0.142119815949,0.101820731759,0.072593793397,0.049203004381
Ciudad de México,NA,0.748623113129,0.238622277355,0.873791828306,0.242926184628,0.293419215088,-0.610124612508,0.618336883258,0.605448914369,0.673091678195,0.253591523337,0.482564031872,0.754588469457,0.527405181255,0.519982354667,0.466939395222,0.040391085941
Durango,NA,0.037737991211,-0.020385095128,0.040352916032,0.016665401243,0.021138549689,-0.018325255853,0.045312054166,0.049097214922,0.04455790286,0.039594057166,0.02503299984,-0.000501196298,0.046882605251,-0.006486964441,0.015653484376,0.010180594664
Guanajuato,NA,0.100315809475,0.028139545026,0.17247415115,0.079551860763,0.100283102819,-0.148232158383,0.260055338159,0.215953342774,0.152992257204,0.153285959849,0.163075445531,0.210149937257,0.117485265447,0.181663875162,0.051417905512,-0.059076383706
Guerrero,NA,0.078380233924,0.020397791778,0.032370774884,0.038324836192,0.023887190356,-0.048917753645,0.078039215576,0.018029311338,0.024471341584,0.004490294445,0.056561030629,0.011959557664,0.027772176564,-0.0005349491,0.03803734862,-0.000409744736
Hidalgo,NA,0.095517959687,-0.011308216784,0.039937571747,0.044869074845,0.050124065659,-0.091782492418,0.078561168573,0.057590393371,0.055310093433,0.053047540454,0.077237810047,0.097280852103,0.06115155991,0.007563357542,0.039689530673,-0.021700494768
Jalisco,NA,0.19333374232,0.17539691707,0.328752077802,0.194740942426,0.038118738943,-0.335035558006,0.403359691583,0.193530125393,0.283265119338,0.150946920416,0.311189273227,0.234192683661,0.266865157258,0.161851344429,0.181536838368,0.053520628104
México,NA,0.202540067019,0.195667734691,0.384523714867,0.243740884747,0.094608410399,-0.412535138793,0.645385689301,0.394599560936,0.38012360285,0.163046012535,0.237413658167,0.26695175699,0.242975651204,0.420776188988,0.295509684775,-0.172308062035
Michoacán de Ocampo,NA,0.052179959628,0.038348578312,0.108071108584,0.056137740102,0.044798064002,-0.122579812112,0.093520709711,0.094119473928,0.058852128956,0.048186142206,0.129066967068,0.039726503506,0.096949261607,0.075045295112,0.054838381685,0.003470672936
Morelos,NA,0.013369113318,0.088459678987,-0.0232373811,0.008237171705,0.002435342324,-0.009193788628,0.048621432085,-0.002134688177,0.006989534932,0.041528799857,0.022606858926,0.0112648984,0.041857216395,0.051973501255,-0.011091004872,-0.001316030268
Nayarit,NA,0.085788166164,0.025978900182,0.014203547376,-0.003520260506,0.046424852611,-0.036481856493,0.034784926244,0.020331274666,0.000645733486,0.018321835074,0.034260712426,0.031594057073,0.032632300225,0.008990822767,-0.002078049404,0.001726486818
Nuevo León,NA,0.365894109725,0.272761368522,0.459997066013,0.414880575066,0.11035312705,-0.469639193376,0.530887867489,0.310944566333,0.295819438612,0.072465377614,0.231219427214,0.41646347726,0.178329034012,0.287946598707,0.26902138992,0.115375174901
Oaxaca,NA,0.062052637534,0.022374492285,0.032562545437,0.012861522105,0.047833604263,-0.014740803142,0.026218461244,0.047843522218,0.03175852108,0.037818727422,0.030193983154,0.064565252549,-0.024322742127,-0.035693808576,0.058983897572,-0.045865915121
Puebla,NA,0.079628961425,0.170652707124,0.142512026993,0.133635820672,0.022103594731,-0.252665485974,0.27394245012,0.162937090101,0.207537349588,-0.032204817631,0.04439239763,0.089645344837,0.088694090233,0.19885814779,0.085190867924,-0.042512663174
Querétaro,NA,0.125889239748,0.117954823126,0.113405726782,0.094561891627,0.047187701347,-0.055801866363,0.125227769859,0.149536370284,0.063385808852,0.010986694457,0.144967570836,0.122936845874,0.093664066996,0.101056341266,0.067138199625,-0.020242836202
Quintana Roo,NA,0.10119016317,0.051645288085,0.080035065915,0.133081252645,0.070953203509,-0.1204410757,0.069436563574,0.075980466655,0.064910957428,0.061971360475,0.051012567464,0.067399145177,0.105046550436,0.063089040236,0.082642138213,0.021118728424
San Luis Potosí,NA,0.104977208457,0.074907342827,0.085475694712,0.040672090464,0.040046219317,-0.098439794388,0.099287191676,0.100920580049,0.090161329561,0.068709177233,0.056383605106,0.078688559425,0.076635310254,0.074269534125,0.087496842513,-0.00644099179
Sinaloa,NA,0.130674620494,0.008044426965,0.069249367699,0.076595707896,0.075472924422,-0.092444962822,0.070256108689,0.042554030809,0.07682781168,0.025312176094,0.038232406466,0.116824999502,0.106095936168,0.026787831722,0.057169209404,0.045818319652
Sonora,NA,0.150891307658,0.15629007647,0.185379462005,0.041432739958,0.009259176498,-0.182901917324,0.154797782009,0.278756515648,0.164131445539,0.093251571345,0.080429462117,0.166238947552,0.176957743046,-0.017423272391,0.031317949831,-0.005272064006
Tabasco,NA,0.130197373116,0.228621700525,0.18152823552,0.062947781497,0.148190164771,0.144009459797,0.212973278729,0.172369867459,0.095811205143,-0.067238746865,0.071382115738,-0.0160696312,-0.166030058564,-0.148959570464,-0.243291279978,-0.108103722671
Tamaulipas,NA,0.147608502116,0.202121425499,0.098280883613,0.103353494976,0.135696787442,-0.30279855558,0.062100332094,0.059595737332,0.064553094239,0.044521303414,0.029725890209,0.091463861863,0.047475117162,-0.012298635726,0.058410925314,0.052415627956
Tlaxcala,NA,0.052038293484,-0.080535613499,-0.010408854883,0.008108591512,0.029655390324,-0.010465079985,0.051802994201,-0.019356671161,0.026128765428,-0.014652051687,0.017291694277,0.037941383799,0.002418945635,-0.007504408799,0.019021397941,0.027915587444
Veracruz de Ignacio de la Llave,NA,0.24101470307,0.03867158046,0.267094042988,0.151106382423,-0.009081702272,-0.106456252839,0.213701539401,0.199751816251,0.221250020274,0.010542691909,-0.003656165053,0.030874004395,-0.004920698783,-0.052155016984,0.103554462899,0.0422967238
Yucatán,NA,0.05874025186,0.060486730552,0.064092742423,0.04130582507,0.013620631203,-0.026336381992,0.04970875662,0.046987742039,0.07936885207,0.007048399502,0.051593218281,0.040553270765,0.073167726802,0.058211622034,0.051314384465,0.017834098693
Zacatecas,NA,0.033906675254,-0.000024856929,0.048299830195,0.027468707128,0.073299408845,0.028664116945,0.104176364135,0.00101952282,0.025892757899,-0.012117509599,0.063606154854,0.019274734473,-0.011504043832,-0.002219484077,0.000058327243,-0.03321531614
Valores corrientes,,,,,,,,,,,,,,,,,
Millones de pesos,,,,,,,,,,,,,,,,,
a  B.1bP - Producto interno bruto,7868809.553,8828367.434,9562648.113,10630939.426,11504075.512,12353845.281,12162762.846,13366377.171,14665576.472,15817754.584,16277187.078,17484305.607,18572109.415,20129057.371,21934167.572,23524390.183,24453867.508
"D.21-D.31 - Impuestos sobre los productos, netos",393207.946,390348.759,395675.286,400003.887,436902.593,316395.983,503852.225,542155.977,504828.626,482814.885,634567.233,904345.102,1073095.155,1258366.98,1212103.876,1303200.223,1430777.189
a  B.1bV - Valor agregado bruto,,,,,,,,,,,,,,,,,
Estados Unidos Mexicanos,7475601.618,8438018.666,9166972.831,10230935.507999996,11067172.904000001,12037449.287999999,11658910.607,12824221.201000001,14160747.844000002,15334939.688999997,15642619.842000002,16579960.489999998,17499014.236,18870690.392000005,20722063.709000003,22221189.96,23023090.307000007
Aguascalientes,77267.87,86539.58300000001,93441.677,105137.20699999998,119896.797,126346.473,126299.281,138350.48,150419.495,166978.119,172820.491,195180.36500000002,215416.925,248849.972,273130.458,297757.431,305715.191
Baja California,270791.49,303478.894,323708.54099999997,360815.26100000006,379005.635,395576.586,369919.30499999993,393693.17499999993,418394.022,456744.955,465524.69499999995,501905.00700000004,580277.4240000001,647659.7309999999,711157.088,763347.754,807100.646
Baja California Sur,48522.955,56078.576,63553.291999999994,70927.389,84264.177,92207.46800000001,96174.40899999999,100789.574,109045.,114898.75099999999,115027.644,119613.08399999999,142277.939,155809.224,187174.715,232407.72600000002,217470.218
Campeche,328291.059,449778.397,536654.993,609382.952,657079.799,740140.02,542318.291,620535.423,780750.7100000001,779041.23,721085.0629999998,696682.543,436081.49399999995,412424.333,488348.95,550190.7069999999,624230.774
Coahuila de Zaragoza,255441.59900000005,285330.206,302737.814,336941.50899999996,369675.95,401229.645,361353.645,433984.977,493392.7590000001,543684.552,538206.987,579802.0900000001,627666.568,684776.1439999999,773322.316,825317.017,850052.69
Colima,43028.600000000006,45411.350000000006,48371.748999999996,53738.132,60492.715,65592.169,65811.81599999999,72901.369,81585.711,87516.444,91422.446,96603.958,101924.98000000001,110204.72499999998,123212.159,133648.25499999998,147306.679
Chiapas,149658.13199999998,157105.24099999998,167597.572,185859.755,198100.75100000002,219146.59900000002,217703.311,240499.032,261927.50300000003,281695.95399999997,280925.273,300375.744,302308.11400000006,318560.217,324362.543,327140.548,332068.34900000005
Chihuahua,234231.93699999998,260457.239,280959.109,318850.35699999996,347744.208,369944.074,353730.60299999994,382215.08999999997,407232.99799999996,463972.50899999996,476290.197,510950.82499999995,587826.5989999999,656275.6600000001,718074.96,762477.0560000001,797040.8700000001
Ciudad de México,1379467.784,1519472.5409999995,1647432.799,1804728.0489999996,1925779.6479999998,2052359.403,2084223.8530000001,2229200.756,2397052.399,2563863.36,2673066.3310000002,2798138.0540000005,2968856.863,3163657.8529999997,3389843.349,3607241.587,3694132.866
Durango,92395.954,101305.37400000001,104893.62299999999,113919.846,122456.294,133623.021,138318.42,146770.242,165643.398,180059.762,189052.81199999998,199491.87200000003,210218.376,233458.628,248296.72999999995,259913.683,275077.34099999996
Guanajuato,272618.07700000005,301103.7370000001,312731.70900000003,360437.27599999995,379998.591,419537.05299999996,412105.01599999995,459867.97900000005,515124.1809999999,565796.7660000001,594575.5319999999,649953.073,721923.1810000001,783268.338,895011.5700000001,961087.7170000002,969371.3200000001
Guerrero,115494.11400000002,128340.89000000001,136625.414,145524.00999999998,158826.221,167978.877,171107.678,186370.37999999998,198139.14299999998,212366.44100000005,218811.37799999997,234183.85299999997,247813.828,265235.738,283714.126,303006.145,315710.001
Hidalgo,102868.192,124276.052,119899.782,148799.174,155257.261,175038.767,161786.625,184470.154,203655.511,231618.44,230982.76700000005,256398.84399999995,289377.79099999997,300101.36,346733.03300000005,382693.3239999999,381848.8080000001
Jalisco,512955.26599999995,554058.119,596725.421,655681.341,705499.372,750814.0229999998,743570.7359999999,821289.8389999999,885831.3200000001,970346.1449999999,1018578.6070000002,1107264.088,1204768.34,1340583.3309999998,1458866.8820000002,1570721.5950000002,1646575.2189999998
México,650414.9339999999,708799.838,764362.206,837804.879,909155.345,981146.4310000002,975921.4329999998,1085724.153,1190034.6390000004,1300309.612,1365154.2290000003,1451590.566,1569746.485,1696120.2750000004,1870894.3369999998,2011335.9359999998,2030550.9889999996
Michoacán de Ocampo,169880.527,187708.532,202877.76200000002,224728.021,245625.96399999998,270330.443,268656.308,290183.885,328272.431,348282.35199999996,359465.98699999996,391994.837,408481.804,456455.94600000005,515406.35500000004,547732.6640000001,571327.1240000001
Morelos,103912.141,111172.35600000001,124410.41399999999,127253.829,134376.326,140312.17200000002,144051.976,156265.66199999998,163560.71199999997,171825.31,182126.14299999998,189051.143,199165.66,219509.80099999998,244769.11200000002,250126.49300000002,254814.857
Nayarit,47348.157,57282.23900000001,62730.26299999999,67060.707,70481.637,81399.73700000001,79868.87700000001,88014.112,95444.01800000001,99032.58099999998,103627.459,112501.79099999998,123019.281,136301.611,148598.783,155433.89299999998,163094.11200000002
Nuevo León,518414.3969999999,593341.6429999999,648235.094,734544.2800000001,813097.654,873801.7069999999,851460.085,943374.1120000001,1018557.2330000001,1108967.1739999999,1124999.8930000002,1207990.9970000002,1337539.4630000002,1439538.5359999998,1600954.5929999999,1744343.4279999998,1841584.449
Oaxaca,125575.37200000002,142950.124,140574.391,170626.62800000003,173610.814,192561.53399999999,190446.28,208793.741,226500.46700000003,248833.702,245515.97600000002,265613.706,290365.7250000001,284220.42400000006,313559.841,353621.995,348949.17000000004
Puebla,244703.25699999998,265601.902,296863.073,324953.26,355837.97200000007,385126.95700000005,373642.294,416421.454,462331.627,515088.62299999996,519256.5349999999,540792.718,580298.1599999999,628165.6000000001,699067.172,743460.6569999999,763253.882
Querétaro,129222.79100000003,147980.63999999998,168791.83500000002,188519.439,207403.04400000002,228284.80299999999,233711.419,256123.884,288201.125,311704.961,319989.72800000006,348716.588,388211.11199999996,432120.25,480686.81,518493.752,534132.521
Quintana Roo,100756.51499999998,114922.81400000001,123869.97300000001,138303.36200000002,158761.482,175082.24200000003,167709.174,180777.622,194651.85100000002,213551.94400000002,225272.667,246516.89,265832.86699999997,302288.848,329215.0299999999,359421.87399999995,372603.638
San Luis Potosí,135417.186,155113.84499999997,171877.096,193076.79700000002,208802.945,225361.594,223032.482,244786.34000000003,271023.72000000003,297155.564,307896.47,330242.33900000004,364656.92499999993,400396.41500000004,455231.044,500784.395,520547.52
Sinaloa,160242.733,185355.029,193845.41199999998,208519.559,232728.36299999995,260205.206,261437.516,277104.769,299879.733,325175.665,334097.30700000003,344506.492,379608.572,423219.311,454152.219,483442.664,517070.6989999999
Sonora,215321.97099999996,244591.949,274112.423,315218.31299999997,339339.33800000005,360308.272,354073.917,385750.8350000001,446699.10899999994,488557.57499999995,510315.674,535720.341,588735.277,663322.554,724400.1780000001,762906.1799999999,781789.505
Tabasco,174628.451,219781.987,260510.67200000002,306835.949,341289.31299999997,414905.27100000007,379235.26800000004,449415.17100000003,559158.1939999999,592703.4380000001,553628.2049999998,575966.4010000001,467499.1020000001,454246.59899999993,494910.40299999993,496651.43999999994,521250.11399999994
Tamaulipas,259340.87100000004,292431.745,325281.018,359094.8670000001,383429.085,429771.34699999995,387891.004,406896.61600000004,429862.782,462474.737,473241.40099999995,498626.18200000003,543674.072,578652.506,628044.541,670038.206,710399.3910000001
Tlaxcala,49095.693999999996,57789.546,54034.75,56021.511999999995,59806.397000000004,67699.514,69236.59,78454.86599999998,80052.24900000001,88109.73899999999,87657.644,93828.437,104631.193,109834.483,115780.84599999999,126199.82500000001,135903.114
Veracruz de Ignacio de la Llave,349344.701,402187.892,425100.61199999996,490348.098,532290.028,580223.9990000001,578093.725,639238.481,701765.663,777750.647,781357.2760000001,810516.4919999999,833456.6159999999,862619.629,918323.975,982970.96,1038352.3019999999
Yucatán,100397.54000000001,110902.20799999998,123611.22999999998,135527.402,147321.32799999998,159011.74599999998,164626.31999999998,175773.5,188610.929,209189.067,215788.237,232467.74399999995,247730.173,275534.82800000004,304912.753,330550.687,348247.08699999994
Zacatecas,58551.350999999995,67368.17800000001,70551.11200000001,81756.348,89738.45000000001,102382.13500000001,111392.95000000001,130183.52800000002,147947.212,157643.57,146858.788,156773.42599999998,169623.32700000002,187277.522,201906.83800000002,206724.366,205518.86100000003
Participación porcentual,,,,,,,,,,,,,,,,,
a  B.1bP - Producto interno bruto,,,,,,,,,,,,,,,,,
"D.21-D.31 - Impuestos sobre los productos, netos",,,,,,,,,,,,,,,,,
a  B.1bV - Valor agregado bruto,,,,,,,,,,,,,,,,,
Estados Unidos Mexicanos,100.,100.,100.,100.,100.,100.,100.,100.,100.,100.,100.,100.,100.,100.,100.,100.,100.
Aguascalientes,1.033600691267,1.025591272377,1.019329703738,1.027640208638,1.083355234801,1.049611674177,1.083285439415,1.078821690858,1.062228468843,1.088873659671,1.104805286746,1.177206454248,1.231023199906,1.318711540652,1.318065911946,1.33997068355,1.327863405492
Baja California,3.622337088536,3.596565805464,3.531247959035,3.526708390624,3.424593058115,3.28621601251,3.172846224397,3.069918779702,2.954603998385,2.978459415316,2.976002100045,3.027178546672,3.316057785736,3.432093461056,3.431883513084,3.43522446536,3.505613865201
Baja California Sur,0.649084280831,0.6645941212,0.693285484441,0.693263963442,0.761388456934,0.76600503806,0.824900475198,0.785931343668,0.770051138551,0.74926118609,0.73534769215,0.721431658852,0.813062593591,0.825667851909,0.903262906767,1.045883350164,0.944574403784
Campeche,4.391500186547,5.33037926086,5.854222575911,5.956277913427,5.937196470135,6.148644968647,4.651534858449,4.838776665453,5.51348501224,5.080171463334,4.609746131296,4.201955387169,2.492034626173,2.185528586569,2.356661753665,2.475973194912,2.711324872883
Coahuila de Zaragoza,3.4170039022,3.381483465422,3.302484032419,3.293359720003,3.340292531857,3.33317827889,3.099377439115,3.384103956084,3.484228124358,3.545397393313,3.440644805258,3.497005257339,3.586868148885,3.628781617287,3.731878865251,3.714099103089,3.692174589358
Colima,0.575587119255,0.538175510123,0.527674183089,0.525251400109,0.546595915007,0.544900895785,0.564476546895,0.568466247247,0.576139847265,0.570699629571,0.58444459383,0.582654934903,0.58246126682,0.58399943357,0.594594055545,0.601445085707,0.639821488062
Chiapas,2.00195435294,1.861873589271,1.828276085135,1.81664477168,1.789985145424,1.820540163924,1.86726975048,1.875349997716,1.849672813085,1.8369550824,1.795896568717,1.811679492126,1.727572250202,1.688121687032,1.565300384918,1.47220085238,1.442327439853
Chihuahua,3.133285439342,3.086710865543,3.064906094735,3.116531784905,3.142123205415,3.073276282616,3.033993611613,2.980415605824,2.875787370033,3.025590699472,3.044823704794,3.081737289472,3.359198358675,3.477751191754,3.465267601161,3.431306142347,3.461919574531
Ciudad de México,18.452933348916,18.00745650306,17.971393930926,17.639912279662,17.400827335985,17.049786494602,17.876660378103,17.382737875936,16.927442147878,16.719096468564,17.0883544956,16.876626791045,16.965852035781,16.764929036943,16.358618507324,16.233341209419,16.045338904295
Durango,1.235966798679,1.200582482807,1.144255851237,1.113484157054,1.106482161815,1.110060925725,1.18637516542,1.144476843464,1.16973623021,1.174179785847,1.208575123026,1.20321078039,1.201315532206,1.237149373713,1.198223948574,1.169665906587,1.194788958962
Guanajuato,3.646771068479,3.568417526892,3.411504700248,3.523013860445,3.433565141669,3.485265382744,3.534678580969,3.585932991893,3.637690513769,3.689592378416,3.800997134787,3.920112315057,4.125507707256,4.150713735053,4.319123725169,4.325095634977,4.210430950294
Guerrero,1.544947415629,1.520983717625,1.490409282528,1.422392017682,1.435111047579,1.395469031529,1.467612916573,1.453268600712,1.399213835193,1.384853447792,1.398815417175,1.412451212663,1.416158788477,1.405543371706,1.369140303708,1.363590993756,1.371275518578
Hidalgo,1.376052353463,1.472810821108,1.30795393649,1.454404378599,1.402862884196,1.454118416719,1.387665026807,1.438451123922,1.438169178941,1.510396810795,1.476624563744,1.546438208672,1.653680527928,1.59030408409,1.673255317951,1.722199957288,1.658547149441
Jalisco,6.861725546809,6.566211108687,6.509514449329,6.408811202918,6.37470271875,6.237318264331,6.377703381254,6.404208303394,6.255540524827,6.327681521278,6.511560194445,6.678327663494,6.884778329521,7.104050266059,7.040162130987,7.068575525557,7.151842767603
México,8.700502879045,8.400074307207,8.338218298359,8.18893715384,8.214883357171,8.150783505091,8.370605675749,8.466199514052,8.403755593348,8.479391757457,8.727145726156,8.755090622053,8.970485216079,8.988119882032,9.028513584713,9.051432167317,8.819628303254
Michoacán de Ocampo,2.272466293428,2.224556965681,2.213138030844,2.196553979099,2.219410197443,2.245745228347,2.304300264887,2.262779785625,2.318185696238,2.271168710561,2.297990941612,2.364268824624,2.33431322754,2.418861930953,2.487234680087,2.464911487575,2.481539690726
Morelos,1.390017102434,1.317517303534,1.357159187592,1.243814203506,1.214188367396,1.165630430858,1.235552624561,1.218519702294,1.155028772504,1.120482463477,1.164294375492,1.140238802825,1.138153597191,1.163231426303,1.181200460713,1.125621505645,1.106779557402
Nayarit,0.633369184441,0.678858879879,0.684307286129,0.655469941606,0.636853129624,0.676220809347,0.685045796235,0.686311555458,0.674004078396,0.645797003499,0.662468691605,0.678540766535,0.703006919938,0.722292656859,0.717104170158,0.699485010838,0.708393659692
Nuevo León,6.934751522229,7.031764997046,7.071419387302,7.17963943205,7.346931877301,7.259027108601,7.303084427878,7.356190268509,7.192820917517,7.231637009929,7.191889238268,7.28584967213,7.643513200008,7.62843598245,7.725845338004,7.849910068453,7.998858643403
Oaxaca,1.679802889678,1.694119551738,1.533487592814,1.667751965268,1.568700656491,1.599687187816,1.633482633323,1.628120240032,1.599495093728,1.622658497826,1.569532332051,1.602016519643,1.659326183087,1.506147459875,1.513168984534,1.591372899636,1.515648704613
Puebla,3.273358714178,3.147680901326,3.238398089237,3.176183250749,3.215256281678,3.199406683141,3.204778787614,3.247148091671,3.264881432063,3.358921739806,3.31949852547,3.261725010299,3.31617628384,3.328789710133,3.373540308615,3.345728371605,3.315166955532
Querétaro,1.728593865795,1.753736817344,1.841303973643,1.842641260446,1.874038164932,1.89645495103,2.004573384924,1.997188601051,2.035211192057,2.032645496634,2.045627466704,2.103241369063,2.218474176684,2.289901646541,2.31968599629,2.333330271391,2.319986213309
Quintana Roo,1.34780476741,1.361964443893,1.351263664501,1.351815402334,1.434526083374,1.454479581273,1.438463503608,1.409657702925,1.374587367449,1.392584179207,1.440121087614,1.486836414047,1.519130525953,1.601896071212,1.588717391391,1.617473567559,1.618391071883
San Luis Potosí,1.811455357304,1.838273309646,1.87496024226,1.887186140984,1.886687294138,1.872170661808,1.912978746626,1.90878132998,1.913908241187,1.937768064475,1.968317795292,1.99181620004,2.0838712403,2.121789964663,2.196842217999,2.253634462877,2.260980229234
Sinaloa,2.143542970698,2.196665311335,2.114606594496,2.038127978003,2.102870941104,2.161630755607,2.242383742466,2.160792181114,2.117682881608,2.120488711366,2.13581427136,2.077848690941,2.169314036096,2.242733584244,2.19163605217,2.175593048213,2.245878776937
Sonora,2.880329664459,2.898689356846,2.990217469316,3.08103117993,3.066179058948,2.993227746008,3.036938260659,3.007986441858,3.15448812394,3.18591129087,3.262341469361,3.231131589988,3.364391096893,3.515094255805,3.495791674868,3.433237290052,3.3956757958
Tabasco,2.335978559632,2.604663436994,2.841839686914,2.999099630333,3.083798508982,3.44678728087,3.252750456568,3.504424666076,3.948648758949,3.865052292479,3.539229429546,3.473870769158,2.67157392808,2.407154108111,2.388325844134,2.235035301413,2.264031922081
Tamaulipas,3.469163878069,3.465644680052,3.548401680651,3.50989278272,3.46456216349,3.570285836456,3.326991835473,3.172875838794,3.035593788799,3.01582364443,3.025333389036,3.007402715469,3.10688399168,3.066408774558,3.030801129751,3.01531199367,3.0855952938
Tlaxcala,0.656745724408,0.68487103771,0.58945031251,0.547569789255,0.54039453001,0.562407470057,0.593851281083,0.611770997789,0.565310885286,0.574568539472,0.56037700133,0.565914720102,0.597926212236,0.58203743858,0.558732217147,0.567925593666,0.59029049614
Veracruz de Ignacio de la Llave,4.6731315933,4.766378316044,4.637306336967,4.792798250136,4.809629637282,4.820157369871,4.958385431422,4.984618332614,4.955710466219,5.071755499357,4.995053794647,4.888530901439,4.762877524183,4.571213935902,4.431624127288,4.423574803012,4.510047470405
Yucatán,1.343002812754,1.314315746265,1.348441107865,1.324682399708,1.331155926431,1.320975417595,1.412021461947,1.370636838253,1.331927741937,1.364133614103,1.379489108472,1.40210071152,1.415680732977,1.460120548196,1.471440090533,1.487547190745,1.512599231277
Zacatecas,0.783232627847,0.79838858702,0.76962278934,0.799109210845,0.810852516523,0.850530145968,0.955431890293,1.015137886033,1.044769765198,1.028002543193,0.938837544371,0.945559708026,0.969330756078,0.992425386193,0.974356805555,0.930302861242,0.892664096173
Índice de precios implícitos base 2013=100,,,,,,,,,,,,,,,,,
a  B.1bP - Producto interno bruto,60.243294481878,65.039691471612,68.860071834636,73.259694974743,77.500743618089,82.284486372852,85.532800509752,89.420395736214,94.645116069354,98.49331736798,100.,104.439719162843,107.400675247384,113.420781145706,121.034385214522,127.021243506822,132.273602099019
"D.21-D.31 - Impuestos sobre los productos, netos",78.23269024145,74.618231336686,73.361418488553,68.97528513498,74.131482638364,51.79847361352,88.17061680456,91.058349390809,81.484821514513,76.791946213551,100.,134.197291374861,150.515918678773,164.559325938422,152.956132879131,159.163777375,175.01993669474
a  B.1bV - Valor agregado bruto,,,,,,,,,,,,,,,,,
Estados Unidos Mexicanos,59.523361936568,64.655742173789,68.678182820518,73.438042440957,77.640048345248,83.577398466845,85.422357595565,89.352447037382,95.193206938203,99.37753302732,100.,103.191620533798,105.546641925024,111.118118564057,119.574677847368,125.534477074664,130.295946429837
Aguascalientes,63.753612549895,68.381467578459,72.084470034521,76.124697159345,79.768938937721,83.700885875555,88.164608127691,90.8973340545,94.642447472731,99.565997553325,100.,102.46610269852,108.675324584386,117.563693179201,126.037586668289,132.40042829169,137.306548918925
Baja California,67.780119608338,71.743486720015,74.75806841943,79.122805584087,82.110271007225,86.454138408002,90.722987393121,91.949466079642,94.938369300657,100.157992178981,100.,104.974268290165,113.455198746439,120.932970790205,128.523786882681,134.856155034194,140.174202092686
Baja California Sur,63.806036569757,68.769246573428,72.717375646284,75.73212102526,79.345228287769,84.613137671236,88.771888958612,91.083366167705,95.063314024033,97.914640905911,100.,103.090716336431,109.007998137184,116.320093498499,126.148379970619,134.184139114442,136.765302774946
Campeche,31.340096484418,42.449503746139,51.67429369353,60.080327100885,69.343266457821,85.345194353997,69.460535482141,82.302556155154,107.466836349455,108.989273609757,100.,101.559994925226,68.393713688813,68.667317040768,90.790996191721,103.914325743049,120.639888030676
Coahuila de Zaragoza,58.510557436056,63.52757266323,65.974937314585,70.124825793326,73.864478500629,80.515369658795,85.765504134956,88.577080083898,94.30161549486,98.932357244823,100.,103.681027466624,111.302520582221,119.665143664381,128.518194310751,135.711948371944,140.692392366436
Colima,63.526854662865,66.984269755469,70.865873332586,74.087036820152,78.028566280093,83.076733423456,86.088273036578,88.912589930225,92.76904856263,96.66022161692,100.,103.095623420052,106.3068794066,111.796470854413,120.749557506834,127.246448025883,134.447959211306
Chiapas,60.31605094351,65.906514706668,69.751073581752,74.818459929091,78.444464365013,84.845209775729,84.808998898092,88.748524199279,93.730794361759,98.933153399076,100.,102.158486216835,105.036722413263,110.983339414431,116.853363813824,122.220542007034,127.418453760263
Chihuahua,64.987405496136,69.148679326004,72.186874909744,75.98341100858,80.005584264228,83.926960917589,88.194706063263,91.48357231017,95.27477534937,101.046742724236,100.,105.200256358373,115.115001674144,122.850776244094,130.204618607174,135.172352656988,139.151300517051
Ciudad de México,64.674798992829,68.231110762708,72.956863725221,75.99741677817,79.955448841338,83.756397808026,88.220501605576,91.102670554261,94.60280519491,97.339672713109,100.,101.804079610518,103.45195483353,106.980316313829,111.305171035031,115.377842279762,117.887474586537
Durango,60.420027691502,64.254667227604,67.672481739996,71.0276257997,75.260551297334,80.630346946011,84.814402022785,86.708751308368,93.947575435749,98.42393908627,100.,103.380468127801,108.984626273033,116.344816487025,124.422523810089,128.497095858963,134.792857103201
Guanajuato,62.19125097977,66.770513447234,68.788853334135,75.461026569272,77.752317005131,83.402919185894,85.556671287335,88.920307028414,93.972782045901,99.102290485092,100.,104.816803896391,110.411143642157,116.327851507158,127.09992689889,134.777883839803,137.962717485449
Guerrero,63.210331999717,66.650566915124,69.985396826038,72.929505842544,77.521648177861,80.648640737963,85.026962623944,87.955972172141,92.381960972868,97.362882790294,100.,102.866061898145,107.941988434683,113.25904905194,121.196572924653,125.892726482093,131.210453270917
Hidalgo,57.291148262329,64.879313569256,63.080653539277,76.149294078564,76.991366034113,83.830692608803,82.720980448799,89.416844062195,94.913679311682,103.959404660758,100.,105.485804969592,111.860582087979,111.630888192995,128.363507539164,138.158333461283,139.792024475663
Jalisco,64.526138926487,67.630884961911,70.85916213628,74.003853655214,77.260825311888,81.736960511517,85.43656412918,88.752413479815,92.937431328087,97.494202266981,100.,103.748613025888,109.040169950015,116.66076582342,123.988356425882,130.018439766699,135.236780572064
México,62.038602328708,66.006044042971,69.526863780608,72.808156708173,76.744091251255,81.888833428126,85.702775665152,88.499514189069,92.721672895069,97.038421000038,100.,103.515574711513,108.619180856206,114.180912075365,120.165914876373,125.072406196059,128.708416063363
Michoacán de Ocampo,57.690598118223,62.357155038042,66.294203805525,70.128575742397,74.823872226277,80.77814140681,84.748810706996,87.996572188519,95.629392184353,98.93530924079,100.,103.250156229816,105.813785418559,113.514634621146,124.237235804664,129.07265030861,134.438032851895
Morelos,65.743945269366,69.598048641538,72.635916770201,75.666242175469,79.359833880054,82.695879539282,85.567798978342,89.302590497933,93.63550624621,97.784785502453,100.,101.825191381727,106.237325167395,112.909549271934,120.434419257485,124.245429536525,126.72091792713
Nayarit,62.214092451716,65.933034176954,69.491934554846,72.761026263383,76.881837803248,82.813453750317,85.84497769778,90.006740628482,94.776638820085,98.246395657597,100.,103.225217359486,107.852048498216,114.085470166738,122.808795866093,128.841100221558,134.849146478265
Nuevo León,64.488343712252,69.817913728422,73.210605127918,77.578671870593,80.934510840862,85.636041314117,89.370950661944,92.019956865159,95.208969224496,99.564507574931,100.,104.032345106273,108.912833530429,114.462715649527,122.533060309482,128.907930238012,134.070619321858
Oaxaca,61.870780826797,67.826925688021,65.788198186801,78.260632135768,78.980291291105,84.96594287594,84.827260241332,91.540411498059,96.401293506059,103.819060609732,100.,106.143963765599,111.416479077147,110.772487520955,125.164285592823,135.622240337216,138.131185709914
Puebla,61.808227067158,65.434024285649,69.331487337171,72.663738937331,76.389796114721,82.12196759392,86.375569284881,88.606372299858,93.7120919676,98.256966653878,100.,102.773095866208,107.342532168012,113.119992734569,118.670952676767,123.121375908131,127.994351755792
Querétaro,60.923480059775,64.92734699465,69.372820460909,72.94281299332,76.357218876902,82.014051059499,86.460068176629,89.116583122993,93.309670002737,97.929774579866,100.,101.765604403167,107.1166818886,114.333295980739,121.659042693266,127.473993824087,132.485996703276
Quintana Roo,69.856760261971,73.226483438594,75.677366647495,79.318522147527,82.300524100563,86.239516175123,90.325629834924,92.635771299636,94.466495988629,98.999616016645,100.,105.686767965902,108.911519863841,115.599091659725,120.940796650325,125.438015263356,128.363734955894
San Luis Potosí,60.378555729114,65.32086600831,69.518211563396,74.648061299153,78.99757733208,83.459836839321,87.174517482416,90.864464005976,95.470640088285,99.953447423194,100.,104.270697202386,110.717037831972,117.052713568279,128.350550983294,135.405343443049,141.184265335055
Sinaloa,59.736993730996,65.114846386758,67.847272381644,70.696172469868,76.148953308375,82.244310541249,86.264168543388,88.629533782804,94.076186243634,98.480965222754,100.,101.302241504068,105.785246074752,112.427242610888,119.203919875042,123.67584673704,129.589902634699
Sonora,58.906184325913,63.615584068349,67.70192995895,73.370538104087,77.937852275778,82.503799043275,86.280730060682,89.397246689881,94.73795826135,98.514202615027,100.,102.452374607372,107.11935375664,114.574289399415,125.766875531587,131.215697795851,134.679699759535
Tabasco,46.58107631617,56.175310666046,61.867302603869,68.903957600592,75.160760147098,87.311195857006,76.467332282867,85.600946654321,101.711149367331,105.088551963703,100.,101.978094365757,83.153480961254,84.955848484351,97.15777604899,106.297801473335,116.326915674576
Tamaulipas,66.230286037644,71.305207617224,74.521818813938,79.8682133401,82.634187417517,88.91502190598,88.209305766362,90.78154695702,94.109543250391,99.164488720428,100.,104.338826132534,110.371188232367,115.624577986605,126.01987767203,131.769683864087,137.203618516005
Tlaxcala,58.970841418112,64.360975358763,68.1574689901,71.923943342923,75.685548186903,81.323873268867,84.703924771772,88.340239508921,93.049669727123,97.988333915471,100.,103.835571514286,108.47262069476,113.395478636118,121.128389431978,127.627208981521,130.898837060312
Veracruz de Ignacio de la Llave,56.934530641242,62.465164779252,65.510312937306,71.629949646528,75.43701204834301,82.381434173617,83.90556395213,89.012013043819,93.967461385836,99.746093404378,100.,103.807850105221,106.072024444248,109.897635497503,118.329608863424,123.79696166002,129.550207741379
Yucatán,62.113162474685,65.617270765555,69.873297361238,73.075326528634,77.044023395923,82.321846951663,86.935770514177,89.611785381718,92.960397271775,97.432921926781,100.,103.845717582078,107.533665853316,113.620123429382,120.809618091007,126.510206761415,131.69195456962
Zacatecas,57.739356653447,63.756569188656,66.770915986277,72.926177999487,77.404012945549,81.009049933758,85.35073403212,89.948887090605,102.119265594927,105.994090983418,100.,99.977660005927,106.077324775588,118.531535603198,128.096300742824,131.14428796693,135.431003517931
Variación porcentual anual del índice de precios implícitos base 2013=100,,,,,,,,,,,,,,,,,
a  B.1bP - Producto interno bruto,NA,7.961710977106,5.873921411038,6.389222408412,5.789061290534,6.17251207077,3.947662895021,4.545151337607,5.842873194783,4.065926968494,1.529730820611,4.439719162843,2.835086218419,5.605277512879,6.712706429905,4.9464111225,4.135023754444
"D.21-D.31 - Impuestos sobre los productos, netos",NA,-4.620138836602,-1.684324092945,-5.978801179066,7.475427601776,-30.12621389726,70.21856177157,3.275164324471,-10.513618949107,-5.759201792111,30.221989324127,34.197291374861,12.160176361778,9.330180742955,-7.051069875938,4.058447594759,9.962165752313
a  B.1bV - Valor agregado bruto,,,,,,,,,,,,,,,,,
Estados Unidos Mexicanos,NA,8.62246363485,6.221320042877,6.930672048907,5.721838116354,7.647277723469,2.207485710927,4.600773793231,6.536765465838,4.395614165865,0.626365893495,3.191620533798,2.282182777093,5.27868678474,7.610423387826,4.984164987593,3.792957493535
Aguascalientes,NA,7.2589690897,5.415213488674,5.604850979537,4.787200362516,4.929170414193,5.332945052425,3.099572475671,4.120157601086,5.202264113058,0.435894238334,2.46610269852,6.059781451955,8.178828661251,7.207917053245,5.048368341221,3.705517187925
Baja California,NA,5.847388783878,4.201889031655,5.838483065358,3.775732421373,5.290285061165,4.93770346189,1.351894069809,3.250593340505,5.497906606963,-0.157742957445,4.974268290165,8.079056510145,6.590947022602,6.276878871722,4.92700091174,3.943495984402
Baja California Sur,NA,7.77859003708,5.741125967754,4.145839082038,4.770904622233,6.639226450217,4.915018402384,2.603839161484,4.36956606215,2.999397728925,2.129772498571,3.090716336431,5.739878440113,6.707852163392,8.449345402432,6.37008509003,1.923598181975
Campeche,NA,35.447903829028,21.731207984334,16.267340695955,15.417591421202,23.076397628181,-18.61224758124,18.488225844897,30.575332492544,1.416657744861,-8.247851657351,1.559994925226,-32.656836248202,0.400041666402,32.218645061985,14.454439428791,16.095530782719
Coahuila de Zaragoza,NA,8.574546965574,3.852444771232,6.290098403509,5.332851333313,9.004180755313,6.520661208425,3.27821304999,6.462772768689,4.91056460238,1.079164375448,3.681027466624,7.35090430894,7.51341752048,7.398186619154,5.597459643573,3.669864042363
Colima,NA,5.442446522738,5.794798676297,4.545436803479,5.320133763089,6.469639753782,3.625009661576,3.2807219776,4.337359462177,4.194473388032,3.455173521447,3.095623420052,3.114832502117,5.163909879074,8.008380393403,5.380467351759,5.659498789277
Chiapas,NA,9.268617019363,5.833351819915,7.264958210858,4.84640346695,8.159588394832,-0.042678753147,4.645173687194,5.613918887589,5.55032001248,1.078350951395,2.158486216835,2.817422519671,5.6614647378,5.289104139742,4.59308831003,4.252895354473
Chihuahua,NA,6.403200432606,4.393714548641,5.259316328048,5.293488673724,4.901378684281,5.085070517285,3.729097123526,4.144135327757,6.058232468878,-1.035899521366,5.200256358373,9.4246398811,6.720040357422,5.985995846268,3.815328598136,2.943610717615
Ciudad de México,NA,5.498759679598,6.926097068752,4.167603838346,5.208113947769,4.753833568279,5.329866033377,3.267005850376,3.841967111781,2.893008841081,2.733034961738,1.804079610518,1.618673072156,3.410628137454,4.042663987378,3.659013509309,2.175142347254
Durango,NA,6.34663650881,5.319169267946,4.957914906379,5.959548063131,7.134940624421,5.189181536792,2.233523128624,8.348435444119,4.764746327682,1.601298351155,3.380468127801,5.420906140901,6.753420611411,6.942902629414,3.27478652908,4.899535823867
Guanajuato,NA,7.363194010929,3.022801207746,9.699497682753,3.036389166738,7.267438963125,2.582346184599,3.931471024372,5.682026059438,5.458504396183,0.905841338796,4.816803896391,5.337254655557,5.358795923876,9.260100012308,6.040882263466,2.363023928638
Guerrero,NA,5.442519927632,5.003453181667,4.206747621685,6.296686481369,4.033702370372,5.428884908559,3.444800869992,5.032050344535,5.3916606283,2.708544708342,2.866061898145,4.934500692331,4.925850166707,7.008291115947,3.874823721591,4.224014315537
Hidalgo,NA,13.244917473432,-2.772316676962,20.717351209987,1.105817152658,8.883238377222,-1.323754015946,8.094516744202,6.147427039209,9.530475917356,-3.808606516821,5.485804969592,6.043255886633,-0.205339441916,14.989237850765,7.630537767232,1.182477360179
Jalisco,NA,4.811609817474,4.773377098625,4.437946236065,4.40108385686,5.793537904313,4.526230966396,3.881065893078,4.715384837646,4.90305238027,2.570201791238,3.748613025888,5.100364014319,6.988796768107,6.281109635053,4.863427110933,4.01353901395
México,NA,6.395117822355,5.334086883536,4.719460578459,5.405897801888,6.703763238303,4.657463145294,3.263299819885,4.770826986666,4.655597736954,3.051965365307,3.515574711513,4.930278519842,5.120395104546,5.241684176649,4.083097378099,2.907123943553
Michoacán de Ocampo,NA,8.088938357436,6.313708130336,5.783872068394,6.695268560889,7.957713231583,4.915524461239,3.832220717234,8.673996959202,3.457009378522,1.076148411907,3.250156229816,2.482930082001,7.277737179636,9.446007749842,3.892081526628,4.156870204847
Morelos,NA,5.862294020204,4.364875435387,4.171937988826,4.881426113404,4.203695365933,3.472868847952,4.364716124738,4.851948553919,4.431309684312,2.265397920714,1.825191381727,4.333047378352,6.280489549248,6.664511579466,3.16438631293,1.992418071103
Nayarit,NA,5.977651652034,5.397750038836,4.704275006126,5.663487379835,7.715236935736,3.660666003139,4.847998150053,5.299489969636,3.660983213489,1.784904505316,3.225217359486,4.482268245188,5.779604333269,7.646307357638,4.911948132805,4.663144172454
Nuevo León,NA,8.26439277143,4.859342278105,5.966439882641,4.325723667797,5.80905527742,4.361375526605,2.964057317948,3.465566022825,4.574714321468,0.437397256991,4.032345106273,4.691318281031,5.095709972092,7.05063182728,5.202571381494,4.00494296535
Oaxaca,NA,9.626749140112,-3.005779018494,18.958467160861,0.919567266066,7.578664863077,-0.163221438983,7.913907908411,5.310094119582,7.69467590516,-3.678573652374,6.143963765599,4.96732468291,-0.578003865789,12.992213494479,8.35538244385,1.849951281191
Puebla,NA,5.866204857407,5.956324854036,4.806260082024,5.127808218902,7.50384445403,5.179614925929,2.582678219601,5.762248848721,4.849827371103,1.773953955104,2.773095866208,4.446140561682,5.382265957276,4.907143121219,3.750221204919,3.957863378084
Querétaro,NA,6.571960319645,6.846842928335,5.146096855645,4.680935301871,7.408379018776,5.421043174546,3.0725339482,4.705170163399,4.951367395248,2.11398977381,1.765604403167,5.25823780718,6.737152388313,6.407360733973,4.779711398422,3.931784616481
Quintana Roo,NA,4.823761027546,3.346990178705,4.811419399663,3.759527878608,4.786108129454,4.738099007308,2.55757028092,1.976261074214,4.798653724344,1.010492791393,5.686767965902,3.051235230298,6.140371380589,4.620888377154,3.718529013856,2.332402730062
San Luis Potosí,NA,8.185539086707,6.425734702525,7.379145148288,5.826696577552,5.648602979916,4.450860178707,4.232827011981,5.069282180552,4.695482643422,0.046574258323,4.270697202386,6.182312771031,5.722403579765,9.651922685607,5.496503447557,4.267868420153
Sinaloa,NA,9.002549877182,4.196317962046,4.198989860932,7.712978861523,8.004518733422,4.887703448037,2.742002014691,6.145414771308,4.682140247174,1.54246536253,1.302241504068,4.425375494287,6.278755102997,6.027611374948,3.751493127647,4.781900471022
Sonora,NA,7.994745876562,6.423498189077,8.372890032196,6.224997512232,5.858445715621,4.577887395738,3.612065668669,5.974134292968,3.985988745144,1.508206274357,2.452374607372,4.555266939545,6.959466596215,9.768846213965,4.33247804021,2.639929537298
Tabasco,NA,20.596849855411,10.132550884607,11.373786637795,9.080469053424,16.165929783212,-12.419785879349,11.944465824526,18.820122139615,3.320582470437,-4.842156323041,1.978094365757,-18.459467713709,2.167519028983,14.362669295083,9.407404940739,9.434921571503
Tamaulipas,NA,7.662539124013,4.511046674152,7.174267363912,3.463172596135,7.600769953395,-0.793697312884,2.91606556509,3.665939174783,5.371342050389,0.842550887271,4.338826132534,5.78151233192,4.759747392751,8.990562271829,4.562618452163,4.123812467762
Tlaxcala,NA,9.140337514322,5.898750928143,5.526135885959,5.229975817712,7.44967198763,4.156284455033,4.292970776675,5.331013640422,5.307556923986,2.052964882804,3.835571514286,4.465761696931,4.538341481774,6.81941721916,5.36523236214,2.563425232675
Veracruz de Ignacio de la Llave,NA,9.714024293728,4.874954174563,9.341485996378,5.314903082582,9.205590116459,1.850088911175,6.085948119725,5.567168040091,6.149609591787,0.254552922281,3.807850105221,2.181120538314,3.606616422472,7.672570322145,4.620443563628,4.647324138018
Yucatán,NA,5.641490710279,6.486137789683,4.582622100746,5.430966997779,6.850399710588,5.604737664867,3.078151664975,3.736798542505,4.811215083269,2.634713218544,3.845717582078,3.55137251406,5.660048439498,6.327659612246,4.718654657209,4.09591284439
Zacatecas,NA,10.421336301553,4.727899941889,9.218477719364,6.140229844616,4.657429054415,5.359505020627,5.387362054502,13.530326942303,3.794411726247,-5.655118061587,-0.022339994073,6.101027738896,11.740690910105,8.06938431275,2.379449840808,3.268701685339
"a Los códigos se derivan del SCN 2008, modificados para uso del SCN de México     NA No aplica.     R Cifras revisadas    Nota:    La suma de los parciales puede no coincidir con el total por el redondeo de las cifras."
